{
  "individual_scores": {
    "context_relevance": [
      0.5627007484436035,
      0.6258779764175415,
      0.688286304473877,
      0.43975695967674255,
      0.4431801438331604,
      0.5138155817985535,
      0.48303309082984924,
      0.30847373604774475,
      0.3000895082950592,
      0.6139559745788574,
      0.5729764699935913,
      0.5979721546173096,
      0.4358808398246765,
      0.5755095481872559,
      0.5769115686416626,
      0.5752652883529663,
      0.45246654748916626,
      0.5529924631118774,
      0.4343233108520508,
      0.5230936408042908,
      0.5216706991195679,
      0.516587495803833,
      0.6136292219161987,
      0.5104314088821411,
      0.5088781118392944
    ],
    "answer_relevance": [
      0.8252913951873779,
      0.8388807773590088,
      0.825416624546051,
      0.7947041392326355,
      0.7790207862854004,
      0.7114583849906921,
      0.6714861392974854,
      0.7184216976165771,
      0.5643247961997986,
      0.7170610427856445,
      0.640292763710022,
      0.7559467554092407,
      0.7270878553390503,
      0.6999353170394897,
      0.6856244802474976,
      0.7701642513275146,
      0.7719436883926392,
      0.682793378829956,
      0.6705403327941895,
      0.7618975639343262,
      0.7768965363502502,
      0.5976729393005371,
      0.7943183779716492,
      0.6896740794181824,
      0.7754166126251221
    ],
    "context_precision": [
      